{"UUID":"1Hq5Np4t0VvO52rBGzGzB4","layoutMainAxisSizing":null,"layoutCrossAxisSizing":null,"name":"Iris Style Library (Test Tokens)","isVisible":true,"boundaryRectangle":null,"style":null,"prototypeNodeUUID":null,"child":null,"constraints":null,"debug":false,"pngPath":"/usr/src/app/temp-out/pb-tmp-2bfde6a8-2396-4ba4-9099-568944698f18/iristest/lib/assets/images","pages":[{"UUID":"0:1","layoutMainAxisSizing":null,"layoutCrossAxisSizing":null,"name":"Styles","isVisible":true,"boundaryRectangle":null,"style":null,"prototypeNodeUUID":null,"child":null,"constraints":null,"convert":true,"screens":[],"pbdlType":"page"},{"UUID":"121:179","layoutMainAxisSizing":null,"layoutCrossAxisSizing":null,"name":"Content guidance","isVisible":true,"boundaryRectangle":null,"style":null,"prototypeNodeUUID":null,"child":null,"constraints":null,"convert":true,"screens":[],"pbdlType":"page"},{"UUID":"18470:248","layoutMainAxisSizing":null,"layoutCrossAxisSizing":null,"name":"Actions / Button","isVisible":true,"boundaryRectangle":null,"style":null,"prototypeNodeUUID":null,"child":null,"constraints":null,"convert":true,"screens":[],"pbdlType":"page"},{"UUID":"2:2","layoutMainAxisSizing":null,"layoutCrossAxisSizing":null,"name":"Cover","isVisible":true,"boundaryRectangle":null,"style":null,"prototypeNodeUUID":null,"child":null,"constraints":null,"convert":true,"screens":[],"pbdlType":"page"}],"miscPages":[],"sharedStyles":[],"globalStyles":{"UUID":"","layoutMainAxisSizing":null,"layoutCrossAxisSizing":null,"name":"","isVisible":false,"boundaryRectangle":null,"style":null,"prototypeNodeUUID":null,"child":null,"constraints":null,"pbdlType":"global_styles","designSystem":"material","colors":[{"UUID":"2:18","layoutMainAxisSizing":null,"layoutCrossAxisSizing":null,"name":"Blue 1","isVisible":false,"boundaryRectangle":null,"style":null,"prototypeNodeUUID":null,"child":null,"constraints":null,"description":"Used for primary buttons and pressed states","pbdlType":"global_color","color":{"a":1.0,"r":0.003921568859368563,"g":0.1764705926179886,"b":0.43921568989753723}},{"UUID":"2:319","layoutMainAxisSizing":null,"layoutCrossAxisSizing":null,"name":"Fill/White","isVisible":false,"boundaryRectangle":null,"style":null,"prototypeNodeUUID":null,"child":null,"constraints":null,"description":"","pbdlType":"global_color","color":{"a":1.0,"r":1.0,"g":1.0,"b":1.0}},{"UUID":"18459:41","layoutMainAxisSizing":null,"layoutCrossAxisSizing":null,"name":"Gray 2","isVisible":false,"boundaryRectangle":null,"style":null,"prototypeNodeUUID":null,"child":null,"constraints":null,"description":"Used as inactive state","pbdlType":"global_color","color":{"a":1.0,"r":0.529411792755127,"g":0.529411792755127,"b":0.5960784554481506}},{"UUID":"18459:35","layoutMainAxisSizing":null,"layoutCrossAxisSizing":null,"name":"Off-White","isVisible":false,"boundaryRectangle":null,"style":null,"prototypeNodeUUID":null,"child":null,"constraints":null,"description":"","pbdlType":"global_color","color":{"a":1.0,"r":0.9686274528503418,"g":0.9686274528503418,"b":0.9686274528503418}},{"UUID":"18459:33","layoutMainAxisSizing":null,"layoutCrossAxisSizing":null,"name":"Black","isVisible":false,"boundaryRectangle":null,"style":null,"prototypeNodeUUID":null,"child":null,"constraints":null,"description":"Used as primary text color.","pbdlType":"global_color","color":{"a":1.0,"r":0.062745101749897,"g":0.05882352963089943,"b":0.19607843458652496}},{"UUID":"18459:39","layoutMainAxisSizing":null,"layoutCrossAxisSizing":null,"name":"White","isVisible":false,"boundaryRectangle":null,"style":null,"prototypeNodeUUID":null,"child":null,"constraints":null,"description":"Used for both text and backgrounds.","pbdlType":"global_color","color":{"a":1.0,"r":1.0,"g":1.0,"b":1.0}},{"UUID":"18459:34","layoutMainAxisSizing":null,"layoutCrossAxisSizing":null,"name":"Red","isVisible":false,"boundaryRectangle":null,"style":null,"prototypeNodeUUID":null,"child":null,"constraints":null,"description":"Used for any negative messaging","pbdlType":"global_color","color":{"a":1.0,"r":0.7137255072593689,"g":0.0,"b":0.4156862795352936}},{"UUID":"18459:36","layoutMainAxisSizing":null,"layoutCrossAxisSizing":null,"name":"Blue 2","isVisible":false,"boundaryRectangle":null,"style":null,"prototypeNodeUUID":null,"child":null,"constraints":null,"description":"Used for links, etc.","pbdlType":"global_color","color":{"a":1.0,"r":0.0,"g":0.4117647111415863,"b":0.7137255072593689}},{"UUID":"18459:37","layoutMainAxisSizing":null,"layoutCrossAxisSizing":null,"name":"Gray 1","isVisible":false,"boundaryRectangle":null,"style":null,"prototypeNodeUUID":null,"child":null,"constraints":null,"description":"Used for secondary text in running copy.","pbdlType":"global_color","color":{"a":1.0,"r":0.3450980484485626,"g":0.34117648005485535,"b":0.43921568989753723}},{"UUID":"18459:38","layoutMainAxisSizing":null,"layoutCrossAxisSizing":null,"name":"Green","isVisible":false,"boundaryRectangle":null,"style":null,"prototypeNodeUUID":null,"child":null,"constraints":null,"description":"Used for any positive messaging","pbdlType":"global_color","color":{"a":1.0,"r":0.0,"g":0.40784314274787903,"b":0.3333333432674408}},{"UUID":"18459:44","layoutMainAxisSizing":null,"layoutCrossAxisSizing":null,"name":"Gray 3","isVisible":false,"boundaryRectangle":null,"style":null,"prototypeNodeUUID":null,"child":null,"constraints":null,"description":"Borders, outlines. etc.","pbdlType":"global_color","color":{"a":1.0,"r":0.800000011920929,"g":0.8352941274642944,"b":0.8745098114013672}},{"UUID":"18459:40","layoutMainAxisSizing":null,"layoutCrossAxisSizing":null,"name":"Blue 3","isVisible":false,"boundaryRectangle":null,"style":null,"prototypeNodeUUID":null,"child":null,"constraints":null,"description":"Used for infographics, progress bars, etc.","pbdlType":"global_color","color":{"a":1.0,"r":0.4470588266849518,"g":0.8313725590705872,"b":1.0}},{"UUID":"18459:42","layoutMainAxisSizing":null,"layoutCrossAxisSizing":null,"name":"Yellow","isVisible":false,"boundaryRectangle":null,"style":null,"prototypeNodeUUID":null,"child":null,"constraints":null,"description":"Used for both brand and warning moments.","pbdlType":"global_color","color":{"a":1.0,"r":0.9921568632125854,"g":0.843137264251709,"b":0.23529411852359772}},{"UUID":"18459:43","layoutMainAxisSizing":null,"layoutCrossAxisSizing":null,"name":"Blue 4","isVisible":false,"boundaryRectangle":null,"style":null,"prototypeNodeUUID":null,"child":null,"constraints":null,"description":"Used for navigation backgrounds","pbdlType":"global_color","color":{"a":1.0,"r":0.8901960849761963,"g":0.9647058844566345,"b":1.0}},{"UUID":"18459:45","layoutMainAxisSizing":null,"layoutCrossAxisSizing":null,"name":"Light Yellow","isVisible":false,"boundaryRectangle":null,"style":null,"prototypeNodeUUID":null,"child":null,"constraints":null,"description":"Used for primary inactive states","pbdlType":"global_color","color":{"a":1.0,"r":0.9882352948188782,"g":0.9333333373069763,"b":0.7019608020782471}},{"UUID":"18459:59","layoutMainAxisSizing":null,"layoutCrossAxisSizing":null,"name":"Distress scale/1","isVisible":false,"boundaryRectangle":null,"style":null,"prototypeNodeUUID":null,"child":null,"constraints":null,"description":"","pbdlType":"global_color","color":{"a":1.0,"r":0.8941176533699036,"g":0.9450980424880981,"b":0.9803921580314636}},{"UUID":"18459:60","layoutMainAxisSizing":null,"layoutCrossAxisSizing":null,"name":"Distress scale/2","isVisible":false,"boundaryRectangle":null,"style":null,"prototypeNodeUUID":null,"child":null,"constraints":null,"description":"","pbdlType":"global_color","color":{"a":1.0,"r":0.8313725590705872,"g":0.9137254953384399,"b":0.9764705896377563}},{"UUID":"18459:61","layoutMainAxisSizing":null,"layoutCrossAxisSizing":null,"name":"Distress scale/3","isVisible":false,"boundaryRectangle":null,"style":null,"prototypeNodeUUID":null,"child":null,"constraints":null,"description":"","pbdlType":"global_color","color":{"a":1.0,"r":0.8039215803146362,"g":0.8588235378265381,"b":0.9450980424880981}},{"UUID":"18459:62","layoutMainAxisSizing":null,"layoutCrossAxisSizing":null,"name":"Distress scale/4","isVisible":false,"boundaryRectangle":null,"style":null,"prototypeNodeUUID":null,"child":null,"constraints":null,"description":"","pbdlType":"global_color","color":{"a":1.0,"r":0.7803921699523926,"g":0.7843137383460999,"b":0.9058823585510254}},{"UUID":"18459:63","layoutMainAxisSizing":null,"layoutCrossAxisSizing":null,"name":"Distress scale/5","isVisible":false,"boundaryRectangle":null,"style":null,"prototypeNodeUUID":null,"child":null,"constraints":null,"description":"","pbdlType":"global_color","color":{"a":1.0,"r":0.7607843279838562,"g":0.7019608020782471,"b":0.8549019694328308}},{"UUID":"18459:64","layoutMainAxisSizing":null,"layoutCrossAxisSizing":null,"name":"Distress scale/6","isVisible":false,"boundaryRectangle":null,"style":null,"prototypeNodeUUID":null,"child":null,"constraints":null,"description":"","pbdlType":"global_color","color":{"a":1.0,"r":0.7490196228027344,"g":0.6078431606292725,"b":0.800000011920929}},{"UUID":"18459:65","layoutMainAxisSizing":null,"layoutCrossAxisSizing":null,"name":"Distress scale/7","isVisible":false,"boundaryRectangle":null,"style":null,"prototypeNodeUUID":null,"child":null,"constraints":null,"description":"","pbdlType":"global_color","color":{"a":1.0,"r":0.7333333492279053,"g":0.501960813999176,"b":0.729411780834198}},{"UUID":"18459:66","layoutMainAxisSizing":null,"layoutCrossAxisSizing":null,"name":"Distress scale/8","isVisible":false,"boundaryRectangle":null,"style":null,"prototypeNodeUUID":null,"child":null,"constraints":null,"description":"","pbdlType":"global_color","color":{"a":1.0,"r":0.7215686440467834,"g":0.40784314274787903,"b":0.6784313917160034}},{"UUID":"18459:67","layoutMainAxisSizing":null,"layoutCrossAxisSizing":null,"name":"Distress scale/9","isVisible":false,"boundaryRectangle":null,"style":null,"prototypeNodeUUID":null,"child":null,"constraints":null,"description":"","pbdlType":"global_color","color":{"a":1.0,"r":0.7254902124404907,"g":0.2666666805744171,"b":0.5882353186607361}},{"UUID":"18459:68","layoutMainAxisSizing":null,"layoutCrossAxisSizing":null,"name":"Distress scale/10","isVisible":false,"boundaryRectangle":null,"style":null,"prototypeNodeUUID":null,"child":null,"constraints":null,"description":"","pbdlType":"global_color","color":{"a":1.0,"r":0.7254902124404907,"g":0.12156862765550613,"b":0.4901960790157318}},{"UUID":"18459:69","layoutMainAxisSizing":null,"layoutCrossAxisSizing":null,"name":"Distress scale/0","isVisible":false,"boundaryRectangle":null,"style":null,"prototypeNodeUUID":null,"child":null,"constraints":null,"description":"","pbdlType":"global_color","color":{"a":1.0,"r":0.9450980424880981,"g":0.9725490212440491,"b":0.9882352948188782}}],"textStyles":[{"UUID":"18459:49","layoutMainAxisSizing":null,"layoutCrossAxisSizing":null,"name":"Headline 1","isVisible":false,"boundaryRectangle":null,"style":null,"prototypeNodeUUID":null,"child":null,"constraints":null,"description":"This style appears in RWD article content card headlines","pbdlType":"global_text_style","textStyle":{"UUID":"","layoutMainAxisSizing":null,"layoutCrossAxisSizing":null,"name":"","isVisible":false,"boundaryRectangle":null,"style":null,"prototypeNodeUUID":"","child":null,"constraints":null,"fontFamily":"Avenir Next LT Pro","fontPostScriptName":"AvenirNextLTPro-Demi","paragraphSpacing":0,"paragraphIndent":0,"listSpacing":0,"italics":null,"fontWeight":400,"fontSize":24.0,"textCase":"ORIGINAL","textDecoration":"NONE","textAutoResize":"WIDTH_AND_HEIGHT","textAlignHorizontal":"LEFT","textAlignVertical":"TOP","letterSpacing":0.0,"fills":null,"hyperLink":null,"opentypeFlags":{},"lineHeightPx":32.0,"lineHeightPercent":108.57763671875,"lineHeightPercentFontSize":133.3333282470703,"lineHeightUnit":"PIXELS","pbdlType":"text_style"}},{"UUID":"18459:50","layoutMainAxisSizing":null,"layoutCrossAxisSizing":null,"name":"Body 1","isVisible":false,"boundaryRectangle":null,"style":null,"prototypeNodeUUID":null,"child":null,"constraints":null,"description":"","pbdlType":"global_text_style","textStyle":{"UUID":"","layoutMainAxisSizing":null,"layoutCrossAxisSizing":null,"name":"","isVisible":false,"boundaryRectangle":null,"style":null,"prototypeNodeUUID":"","child":null,"constraints":null,"fontFamily":"Avenir Next LT Pro","fontPostScriptName":"AvenirNextLTPro-Regular","paragraphSpacing":0,"paragraphIndent":0,"listSpacing":0,"italics":null,"fontWeight":400,"fontSize":16.0,"textCase":"ORIGINAL","textDecoration":"NONE","textAutoResize":"WIDTH_AND_HEIGHT","textAlignHorizontal":"LEFT","textAlignVertical":"TOP","letterSpacing":0.0,"fills":null,"hyperLink":null,"opentypeFlags":{"ONUM":1,"PNUM":1},"lineHeightPx":24.0,"lineHeightPercent":122.14983367919922,"lineHeightPercentFontSize":150.0,"lineHeightUnit":"PIXELS","pbdlType":"text_style"}},{"UUID":"18459:53","layoutMainAxisSizing":null,"layoutCrossAxisSizing":null,"name":"Small Label 2","isVisible":false,"boundaryRectangle":null,"style":null,"prototypeNodeUUID":null,"child":null,"constraints":null,"description":"Mobile","pbdlType":"global_text_style","textStyle":{"UUID":"","layoutMainAxisSizing":null,"layoutCrossAxisSizing":null,"name":"","isVisible":false,"boundaryRectangle":null,"style":null,"prototypeNodeUUID":"","child":null,"constraints":null,"fontFamily":"Avenir Next LT Pro","fontPostScriptName":"AvenirNextLTPro-Regular","paragraphSpacing":0,"paragraphIndent":0,"listSpacing":0,"italics":null,"fontWeight":400,"fontSize":10.0,"textCase":"UPPER","textDecoration":"NONE","textAutoResize":"WIDTH_AND_HEIGHT","textAlignHorizontal":"LEFT","textAlignVertical":"TOP","letterSpacing":0.5,"fills":null,"hyperLink":null,"opentypeFlags":{},"lineHeightPx":16.0,"lineHeightPercent":130.29315185546875,"lineHeightPercentFontSize":160.0,"lineHeightUnit":"PIXELS","pbdlType":"text_style"}},{"UUID":"18459:58","layoutMainAxisSizing":null,"layoutCrossAxisSizing":null,"name":"Headline 4","isVisible":false,"boundaryRectangle":null,"style":null,"prototypeNodeUUID":null,"child":null,"constraints":null,"description":"","pbdlType":"global_text_style","textStyle":{"UUID":"","layoutMainAxisSizing":null,"layoutCrossAxisSizing":null,"name":"","isVisible":false,"boundaryRectangle":null,"style":null,"prototypeNodeUUID":"","child":null,"constraints":null,"fontFamily":"Avenir Next LT Pro","fontPostScriptName":"AvenirNextLTPro-Regular","paragraphSpacing":0,"paragraphIndent":0,"listSpacing":0,"italics":null,"fontWeight":400,"fontSize":18.0,"textCase":"ORIGINAL","textDecoration":"NONE","textAutoResize":"WIDTH_AND_HEIGHT","textAlignHorizontal":"LEFT","textAlignVertical":"TOP","letterSpacing":0.0,"fills":null,"hyperLink":null,"opentypeFlags":{},"lineHeightPx":24.0,"lineHeightPercent":108.57763671875,"lineHeightPercentFontSize":133.3333282470703,"lineHeightUnit":"PIXELS","pbdlType":"text_style"}},{"UUID":"18459:71","layoutMainAxisSizing":null,"layoutCrossAxisSizing":null,"name":"Label 2/Small","isVisible":false,"boundaryRectangle":null,"style":null,"prototypeNodeUUID":null,"child":null,"constraints":null,"description":"Mobile","pbdlType":"global_text_style","textStyle":{"UUID":"","layoutMainAxisSizing":null,"layoutCrossAxisSizing":null,"name":"","isVisible":false,"boundaryRectangle":null,"style":null,"prototypeNodeUUID":"","child":null,"constraints":null,"fontFamily":"Avenir Next LT Pro","fontPostScriptName":"AvenirNextLTPro-Regular","paragraphSpacing":0,"paragraphIndent":0,"listSpacing":0,"italics":null,"fontWeight":400,"fontSize":10.0,"textCase":"UPPER","textDecoration":"NONE","textAutoResize":"WIDTH_AND_HEIGHT","textAlignHorizontal":"LEFT","textAlignVertical":"TOP","letterSpacing":0.5,"fills":null,"hyperLink":null,"opentypeFlags":{},"lineHeightPx":16.0,"lineHeightPercent":130.29315185546875,"lineHeightPercentFontSize":160.0,"lineHeightUnit":"PIXELS","pbdlType":"text_style"}},{"UUID":"18459:74","layoutMainAxisSizing":null,"layoutCrossAxisSizing":null,"name":"Display 1","isVisible":false,"boundaryRectangle":null,"style":null,"prototypeNodeUUID":null,"child":null,"constraints":null,"description":"This style appears in RWD landing page titles","pbdlType":"global_text_style","textStyle":{"UUID":"","layoutMainAxisSizing":null,"layoutCrossAxisSizing":null,"name":"","isVisible":false,"boundaryRectangle":null,"style":null,"prototypeNodeUUID":"","child":null,"constraints":null,"fontFamily":"Avenir Next LT Pro","fontPostScriptName":"AvenirNextLTPro-Regular","paragraphSpacing":0,"paragraphIndent":0,"listSpacing":0,"italics":null,"fontWeight":400,"fontSize":48.0,"textCase":"ORIGINAL","textDecoration":"NONE","textAutoResize":"WIDTH_AND_HEIGHT","textAlignHorizontal":"LEFT","textAlignVertical":"TOP","letterSpacing":0.0,"fills":null,"hyperLink":null,"opentypeFlags":{},"lineHeightPx":56.0,"lineHeightPercent":95.00543212890625,"lineHeightPercentFontSize":116.66666412353516,"lineHeightUnit":"PIXELS","pbdlType":"text_style"}},{"UUID":"18459:75","layoutMainAxisSizing":null,"layoutCrossAxisSizing":null,"name":"Label 1/Small","isVisible":false,"boundaryRectangle":null,"style":null,"prototypeNodeUUID":null,"child":null,"constraints":null,"description":"Mobile","pbdlType":"global_text_style","textStyle":{"UUID":"","layoutMainAxisSizing":null,"layoutCrossAxisSizing":null,"name":"","isVisible":false,"boundaryRectangle":null,"style":null,"prototypeNodeUUID":"","child":null,"constraints":null,"fontFamily":"Avenir Next LT Pro","fontPostScriptName":"AvenirNextLTPro-Bold","paragraphSpacing":0,"paragraphIndent":0,"listSpacing":0,"italics":null,"fontWeight":700,"fontSize":10.0,"textCase":"UPPER","textDecoration":"NONE","textAutoResize":"WIDTH_AND_HEIGHT","textAlignHorizontal":"LEFT","textAlignVertical":"TOP","letterSpacing":0.5,"fills":null,"hyperLink":null,"opentypeFlags":{},"lineHeightPx":16.0,"lineHeightPercent":130.29315185546875,"lineHeightPercentFontSize":160.0,"lineHeightUnit":"PIXELS","pbdlType":"text_style"}},{"UUID":"18459:76","layoutMainAxisSizing":null,"layoutCrossAxisSizing":null,"name":"Headline 2","isVisible":false,"boundaryRectangle":null,"style":null,"prototypeNodeUUID":null,"child":null,"constraints":null,"description":"This style appears in RWD video card titles","pbdlType":"global_text_style","textStyle":{"UUID":"","layoutMainAxisSizing":null,"layoutCrossAxisSizing":null,"name":"","isVisible":false,"boundaryRectangle":null,"style":null,"prototypeNodeUUID":"","child":null,"constraints":null,"fontFamily":"Avenir Next LT Pro","fontPostScriptName":"AvenirNextLTPro-Regular","paragraphSpacing":0,"paragraphIndent":0,"listSpacing":0,"italics":null,"fontWeight":400,"fontSize":24.0,"textCase":"ORIGINAL","textDecoration":"NONE","textAutoResize":"WIDTH_AND_HEIGHT","textAlignHorizontal":"LEFT","textAlignVertical":"TOP","letterSpacing":0.0,"fills":null,"hyperLink":null,"opentypeFlags":{},"lineHeightPx":32.0,"lineHeightPercent":108.57763671875,"lineHeightPercentFontSize":133.3333282470703,"lineHeightUnit":"PIXELS","pbdlType":"text_style"}},{"UUID":"18459:79","layoutMainAxisSizing":null,"layoutCrossAxisSizing":null,"name":"Headline 5","isVisible":false,"boundaryRectangle":null,"style":null,"prototypeNodeUUID":null,"child":null,"constraints":null,"description":"","pbdlType":"global_text_style","textStyle":{"UUID":"","layoutMainAxisSizing":null,"layoutCrossAxisSizing":null,"name":"","isVisible":false,"boundaryRectangle":null,"style":null,"prototypeNodeUUID":"","child":null,"constraints":null,"fontFamily":"Avenir Next LT Pro","fontPostScriptName":"AvenirNextLTPro-Demi","paragraphSpacing":0,"paragraphIndent":0,"listSpacing":0,"italics":null,"fontWeight":400,"fontSize":16.0,"textCase":"ORIGINAL","textDecoration":"NONE","textAutoResize":"WIDTH_AND_HEIGHT","textAlignHorizontal":"LEFT","textAlignVertical":"TOP","letterSpacing":0.0,"fills":null,"hyperLink":null,"opentypeFlags":{},"lineHeightPx":24.0,"lineHeightPercent":122.14983367919922,"lineHeightPercentFontSize":150.0,"lineHeightUnit":"PIXELS","pbdlType":"text_style"}},{"UUID":"18459:80","layoutMainAxisSizing":null,"layoutCrossAxisSizing":null,"name":"List 1","isVisible":false,"boundaryRectangle":null,"style":null,"prototypeNodeUUID":null,"child":null,"constraints":null,"description":"Global medium wt list","pbdlType":"global_text_style","textStyle":{"UUID":"","layoutMainAxisSizing":null,"layoutCrossAxisSizing":null,"name":"","isVisible":false,"boundaryRectangle":null,"style":null,"prototypeNodeUUID":"","child":null,"constraints":null,"fontFamily":"Avenir Next LT Pro","fontPostScriptName":"AvenirNextLTPro-Medium","paragraphSpacing":0,"paragraphIndent":0,"listSpacing":0,"italics":null,"fontWeight":500,"fontSize":16.0,"textCase":"ORIGINAL","textDecoration":"NONE","textAutoResize":"WIDTH_AND_HEIGHT","textAlignHorizontal":"LEFT","textAlignVertical":"TOP","letterSpacing":0.0,"fills":null,"hyperLink":null,"opentypeFlags":{"ONUM":1,"PNUM":1},"lineHeightPx":24.0,"lineHeightPercent":122.14983367919922,"lineHeightPercentFontSize":150.0,"lineHeightUnit":"PIXELS","pbdlType":"text_style"}},{"UUID":"18459:81","layoutMainAxisSizing":null,"layoutCrossAxisSizing":null,"name":"Body 2","isVisible":false,"boundaryRectangle":null,"style":null,"prototypeNodeUUID":null,"child":null,"constraints":null,"description":"Global smaller body copy\n","pbdlType":"global_text_style","textStyle":{"UUID":"","layoutMainAxisSizing":null,"layoutCrossAxisSizing":null,"name":"","isVisible":false,"boundaryRectangle":null,"style":null,"prototypeNodeUUID":"","child":null,"constraints":null,"fontFamily":"Avenir Next LT Pro","fontPostScriptName":"AvenirNextLTPro-Regular","paragraphSpacing":0,"paragraphIndent":0,"listSpacing":0,"italics":null,"fontWeight":400,"fontSize":14.0,"textCase":"ORIGINAL","textDecoration":"NONE","textAutoResize":"WIDTH_AND_HEIGHT","textAlignHorizontal":"LEFT","textAlignVertical":"TOP","letterSpacing":0.0,"fills":null,"hyperLink":null,"opentypeFlags":{"ONUM":1,"PNUM":1},"lineHeightPx":20.0,"lineHeightPercent":116.33317565917969,"lineHeightPercentFontSize":142.85714721679688,"lineHeightUnit":"PIXELS","pbdlType":"text_style"}},{"UUID":"18459:82","layoutMainAxisSizing":null,"layoutCrossAxisSizing":null,"name":"Headline 6","isVisible":false,"boundaryRectangle":null,"style":null,"prototypeNodeUUID":null,"child":null,"constraints":null,"description":"","pbdlType":"global_text_style","textStyle":{"UUID":"","layoutMainAxisSizing":null,"layoutCrossAxisSizing":null,"name":"","isVisible":false,"boundaryRectangle":null,"style":null,"prototypeNodeUUID":"","child":null,"constraints":null,"fontFamily":"Avenir Next LT Pro","fontPostScriptName":"AvenirNextLTPro-Demi","paragraphSpacing":0,"paragraphIndent":0,"listSpacing":0,"italics":null,"fontWeight":400,"fontSize":14.0,"textCase":"ORIGINAL","textDecoration":"NONE","textAutoResize":"WIDTH_AND_HEIGHT","textAlignHorizontal":"LEFT","textAlignVertical":"TOP","letterSpacing":0.0,"fills":null,"hyperLink":null,"opentypeFlags":{},"lineHeightPx":20.0,"lineHeightPercent":116.33317565917969,"lineHeightPercentFontSize":142.85714721679688,"lineHeightUnit":"PIXELS","pbdlType":"text_style"}},{"UUID":"18459:83","layoutMainAxisSizing":null,"layoutCrossAxisSizing":null,"name":"Link 2/Small","isVisible":false,"boundaryRectangle":null,"style":null,"prototypeNodeUUID":null,"child":null,"constraints":null,"description":"Mobile","pbdlType":"global_text_style","textStyle":{"UUID":"","layoutMainAxisSizing":null,"layoutCrossAxisSizing":null,"name":"","isVisible":false,"boundaryRectangle":null,"style":null,"prototypeNodeUUID":"","child":null,"constraints":null,"fontFamily":"Avenir Next LT Pro","fontPostScriptName":"AvenirNextLTPro-Regular","paragraphSpacing":0,"paragraphIndent":0,"listSpacing":0,"italics":null,"fontWeight":400,"fontSize":10.0,"textCase":"UPPER","textDecoration":"UNDERLINE","textAutoResize":"WIDTH_AND_HEIGHT","textAlignHorizontal":"LEFT","textAlignVertical":"TOP","letterSpacing":0.5,"fills":null,"hyperLink":null,"opentypeFlags":{},"lineHeightPx":16.0,"lineHeightPercent":130.29315185546875,"lineHeightPercentFontSize":160.0,"lineHeightUnit":"PIXELS","pbdlType":"text_style"}},{"UUID":"18459:84","layoutMainAxisSizing":null,"layoutCrossAxisSizing":null,"name":"Display 2","isVisible":false,"boundaryRectangle":null,"style":null,"prototypeNodeUUID":null,"child":null,"constraints":null,"description":"","pbdlType":"global_text_style","textStyle":{"UUID":"","layoutMainAxisSizing":null,"layoutCrossAxisSizing":null,"name":"","isVisible":false,"boundaryRectangle":null,"style":null,"prototypeNodeUUID":"","child":null,"constraints":null,"fontFamily":"Avenir Next LT Pro","fontPostScriptName":"AvenirNextLTPro-Regular","paragraphSpacing":0,"paragraphIndent":0,"listSpacing":0,"italics":null,"fontWeight":400,"fontSize":32.0,"textCase":"ORIGINAL","textDecoration":"NONE","textAutoResize":"WIDTH_AND_HEIGHT","textAlignHorizontal":"LEFT","textAlignVertical":"TOP","letterSpacing":0.0,"fills":null,"hyperLink":null,"opentypeFlags":{},"lineHeightPx":40.0,"lineHeightPercent":101.7915267944336,"lineHeightPercentFontSize":125.0,"lineHeightUnit":"PIXELS","pbdlType":"text_style"}},{"UUID":"18459:85","layoutMainAxisSizing":null,"layoutCrossAxisSizing":null,"name":"Label 2","isVisible":false,"boundaryRectangle":null,"style":null,"prototypeNodeUUID":null,"child":null,"constraints":null,"description":"","pbdlType":"global_text_style","textStyle":{"UUID":"","layoutMainAxisSizing":null,"layoutCrossAxisSizing":null,"name":"","isVisible":false,"boundaryRectangle":null,"style":null,"prototypeNodeUUID":"","child":null,"constraints":null,"fontFamily":"Avenir Next LT Pro","fontPostScriptName":"AvenirNextLTPro-Regular","paragraphSpacing":0,"paragraphIndent":0,"listSpacing":0,"italics":null,"fontWeight":400,"fontSize":10.0,"textCase":"UPPER","textDecoration":"NONE","textAutoResize":"WIDTH_AND_HEIGHT","textAlignHorizontal":"LEFT","textAlignVertical":"TOP","letterSpacing":0.5,"fills":null,"hyperLink":null,"opentypeFlags":{},"lineHeightPx":16.0,"lineHeightPercent":130.29315185546875,"lineHeightPercentFontSize":160.0,"lineHeightUnit":"PIXELS","pbdlType":"text_style"}},{"UUID":"12:122","layoutMainAxisSizing":null,"layoutCrossAxisSizing":null,"name":"Display 3","isVisible":false,"boundaryRectangle":null,"style":null,"prototypeNodeUUID":null,"child":null,"constraints":null,"description":"This style appears in RWD page headlines","pbdlType":"global_text_style","textStyle":{"UUID":"","layoutMainAxisSizing":null,"layoutCrossAxisSizing":null,"name":"","isVisible":false,"boundaryRectangle":null,"style":null,"prototypeNodeUUID":"","child":null,"constraints":null,"fontFamily":"Avenir Next LT Pro","fontPostScriptName":"AvenirNextLTPro-Demi","paragraphSpacing":0,"paragraphIndent":0,"listSpacing":0,"italics":null,"fontWeight":400,"fontSize":32.0,"textCase":"ORIGINAL","textDecoration":"NONE","textAutoResize":"WIDTH_AND_HEIGHT","textAlignHorizontal":"LEFT","textAlignVertical":"TOP","letterSpacing":0.0,"fills":null,"hyperLink":null,"opentypeFlags":{},"lineHeightPx":40.0,"lineHeightPercent":101.7915267944336,"lineHeightPercentFontSize":125.0,"lineHeightUnit":"PIXELS","pbdlType":"text_style"}},{"UUID":"18459:87","layoutMainAxisSizing":null,"layoutCrossAxisSizing":null,"name":"Headline 3","isVisible":false,"boundaryRectangle":null,"style":null,"prototypeNodeUUID":null,"child":null,"constraints":null,"description":"This style appears in large content card body copy","pbdlType":"global_text_style","textStyle":{"UUID":"","layoutMainAxisSizing":null,"layoutCrossAxisSizing":null,"name":"","isVisible":false,"boundaryRectangle":null,"style":null,"prototypeNodeUUID":"","child":null,"constraints":null,"fontFamily":"Avenir Next LT Pro","fontPostScriptName":"AvenirNextLTPro-Regular","paragraphSpacing":0,"paragraphIndent":0,"listSpacing":0,"italics":null,"fontWeight":400,"fontSize":20.0,"textCase":"ORIGINAL","textDecoration":"NONE","textAutoResize":"WIDTH_AND_HEIGHT","textAlignHorizontal":"LEFT","textAlignVertical":"TOP","letterSpacing":0.0,"fills":null,"hyperLink":null,"opentypeFlags":{},"lineHeightPx":28.0,"lineHeightPercent":114.00650787353516,"lineHeightPercentFontSize":140.0,"lineHeightUnit":"PIXELS","pbdlType":"text_style"}},{"UUID":"18459:88","layoutMainAxisSizing":null,"layoutCrossAxisSizing":null,"name":"Link 2/Large","isVisible":false,"boundaryRectangle":null,"style":null,"prototypeNodeUUID":null,"child":null,"constraints":null,"description":"","pbdlType":"global_text_style","textStyle":{"UUID":"","layoutMainAxisSizing":null,"layoutCrossAxisSizing":null,"name":"","isVisible":false,"boundaryRectangle":null,"style":null,"prototypeNodeUUID":"","child":null,"constraints":null,"fontFamily":"Avenir Next LT Pro","fontPostScriptName":"AvenirNextLTPro-Regular","paragraphSpacing":0,"paragraphIndent":0,"listSpacing":0,"italics":null,"fontWeight":400,"fontSize":12.0,"textCase":"UPPER","textDecoration":"UNDERLINE","textAutoResize":"WIDTH_AND_HEIGHT","textAlignHorizontal":"LEFT","textAlignVertical":"TOP","letterSpacing":0.5,"fills":null,"hyperLink":null,"opentypeFlags":{},"lineHeightPx":18.0,"lineHeightPercent":122.14983367919922,"lineHeightPercentFontSize":150.0,"lineHeightUnit":"PIXELS","pbdlType":"text_style"}},{"UUID":"18459:89","layoutMainAxisSizing":null,"layoutCrossAxisSizing":null,"name":"Label 1/Large","isVisible":false,"boundaryRectangle":null,"style":null,"prototypeNodeUUID":null,"child":null,"constraints":null,"description":"Desktop","pbdlType":"global_text_style","textStyle":{"UUID":"","layoutMainAxisSizing":null,"layoutCrossAxisSizing":null,"name":"","isVisible":false,"boundaryRectangle":null,"style":null,"prototypeNodeUUID":"","child":null,"constraints":null,"fontFamily":"Avenir Next LT Pro","fontPostScriptName":"AvenirNextLTPro-Bold","paragraphSpacing":0,"paragraphIndent":0,"listSpacing":0,"italics":null,"fontWeight":700,"fontSize":12.0,"textCase":"UPPER","textDecoration":"NONE","textAutoResize":"WIDTH_AND_HEIGHT","textAlignHorizontal":"LEFT","textAlignVertical":"TOP","letterSpacing":0.5,"fills":null,"hyperLink":null,"opentypeFlags":{},"lineHeightPx":18.0,"lineHeightPercent":122.14983367919922,"lineHeightPercentFontSize":150.0,"lineHeightUnit":"PIXELS","pbdlType":"text_style"}},{"UUID":"18459:90","layoutMainAxisSizing":null,"layoutCrossAxisSizing":null,"name":"Label 2/Large","isVisible":false,"boundaryRectangle":null,"style":null,"prototypeNodeUUID":null,"child":null,"constraints":null,"description":"Desktop","pbdlType":"global_text_style","textStyle":{"UUID":"","layoutMainAxisSizing":null,"layoutCrossAxisSizing":null,"name":"","isVisible":false,"boundaryRectangle":null,"style":null,"prototypeNodeUUID":"","child":null,"constraints":null,"fontFamily":"Avenir Next LT Pro","fontPostScriptName":"AvenirNextLTPro-Regular","paragraphSpacing":0,"paragraphIndent":0,"listSpacing":0,"italics":null,"fontWeight":400,"fontSize":12.0,"textCase":"UPPER","textDecoration":"NONE","textAutoResize":"WIDTH_AND_HEIGHT","textAlignHorizontal":"LEFT","textAlignVertical":"TOP","letterSpacing":0.5,"fills":null,"hyperLink":null,"opentypeFlags":{},"lineHeightPx":18.0,"lineHeightPercent":122.14983367919922,"lineHeightPercentFontSize":150.0,"lineHeightUnit":"PIXELS","pbdlType":"text_style"}}],"themeColors":[],"themeTextStyles":[]},"pbdlType":"project"}